{
  "geometry": "skinpacks/skins.json",
  "skins": [
  {
      "localization_name": "Smitty 1",
      "geometry": "geometry.humanoid.customSlim",
      "texture": "1.png",
      "type": "free"
    },
  {
      "localization_name": "Smitty 2",
      "geometry": "geometry.humanoid.customSlim",
      "texture": "2.png",
      "type": "free"
    },
  {
      "localization_name": "Smitty 3",
      "geometry": "geometry.humanoid.customSlim",
      "texture": "3.png",
      "type": "free"
    },
    {
      "localization_name": "Smitty 4",
      "geometry": "geometry.humanoid.customSlim",
      "texture": "4.png",
      "type": "free"
    },
  {
      "localization_name": "Smitty 5",
      "geometry": "geometry.humanoid.customSlim",
      "texture": "5.png",
      "type": "free"
    },
  {
      "localization_name": "Smitty 6",
      "geometry": "geometry.humanoid.customSlim",
      "texture": "6.png",
      "type": "free"
    },
    {
      "localization_name": "Smitty 7",
      "geometry": "geometry.humanoid.customSlim",
      "texture": "7.png",
      "type": "free"
    },
  {
      "localization_name": "Smitty 8",
      "geometry": "geometry.humanoid.customSlim",
      "texture": "8.png",
      "type": "free"
    },
  {
      "localization_name": "Smitty 9",
      "geometry": "geometry.humanoid.customSlim",
      "texture": "9.png",
      "type": "free"
    },
    {
      "localization_name": "Smitty 10",
      "geometry": "geometry.humanoid.customSlim",
      "texture": "10.png",
      "type": "free"
    },
  {
      "localization_name": "Smitty 11",
      "geometry": "geometry.humanoid.customSlim",
      "texture": "11.png",
      "type": "free"
    },
  {
      "localization_name": "Smitty 12",
      "geometry": "geometry.humanoid.customSlim",
      "texture": "12.png",
      "type": "free"
    },
    {
      "localization_name": "Smitty 13",
      "geometry": "geometry.humanoid.customSlim",
      "texture": "13.png",
      "type": "free"
    },
  {
      "localization_name": "Smitty 14",
      "geometry": "geometry.humanoid.customSlim",
      "texture": "14.png",
      "type": "free"
    },
  {
      "localization_name": "Smitty 15",
      "geometry": "geometry.humanoid.customSlim",
      "texture": "15.png",
      "type": "free"
    },
    {
      "localization_name": "Smitty 16",
      "geometry": "geometry.humanoid.customSlim",
      "texture": "16.png",
      "type": "free"
    },
  {
      "localization_name": "Smitty 17",
      "geometry": "geometry.humanoid.customSlim",
      "texture": "17.png",
      "type": "free"
    },
  {
      "localization_name": "Smitty 18",
      "geometry": "geometry.humanoid.customSlim",
      "texture": "18.png",
      "type": "free"
    },
    {
      "localization_name": "Smitty 19",
      "geometry": "geometry.humanoid.customSlim",
      "texture": "19.png",
      "type": "free"
    },
  {
      "localization_name": "Smitty 20",
      "geometry": "geometry.humanoid.customSlim",
      "texture": "20.png",
      "type": "free"
    },
  {
      "localization_name": "Smitty 21",
      "geometry": "geometry.humanoid.customSlim",
      "texture": "21.png",
      "type": "free"
    },
    {
      "localization_name": "Smitty 22",
      "geometry": "geometry.humanoid.customSlim",
      "texture": "22.png",
      "type": "free"
    },
  {
      "localization_name": "Smitty 23",
      "geometry": "geometry.humanoid.customSlim",
      "texture": "23.png",
      "type": "free"
    },
  {
      "localization_name": "Smitty 24",
      "geometry": "geometry.humanoid.customSlim",
      "texture": "24.png",
      "type": "free"
    },
    {
      "localization_name": "Smitty 25",
      "geometry": "geometry.humanoid.customSlim",
      "texture": "25.png",
      "type": "free"
    },
  {
      "localization_name": "Smitty 26",
      "geometry": "geometry.humanoid.customSlim",
      "texture": "26.png",
      "type": "free"
    },
  {
      "localization_name": "Smitty 27",
      "geometry": "geometry.humanoid.customSlim",
      "texture": "27.png",
      "type": "free"
    },
    {
      "localization_name": "Smitty 28",
      "geometry": "geometry.humanoid.customSlim",
      "texture": "28.png",
      "type": "free"
    },
  {
      "localization_name": "Smitty 29",
      "geometry": "geometry.humanoid.customSlim",
      "texture": "29.png",
      "type": "free"
    },
  {
      "localization_name": "Smitty 30",
      "geometry": "geometry.humanoid.customSlim",
      "texture": "30.png",
      "type": "free"
    },
    {
      "localization_name": "Smitty 31",
      "geometry": "geometry.humanoid.customSlim",
      "texture": "31.png",
      "type": "free"
    },
  {
      "localization_name": "Smitty 32",
      "geometry": "geometry.humanoid.customSlim",
      "texture": "32.png",
      "type": "free"
    },
  {
      "localization_name": "Smitty 33",
      "geometry": "geometry.humanoid.customSlim",
      "texture": "33.png",
      "type": "free"
    },
    {
      "localization_name": "Smitty 34",
      "geometry": "geometry.humanoid.customSlim",
      "texture": "34.png",
      "type": "free"
    },
  {
      "localization_name": "Smitty 35",
      "geometry": "geometry.humanoid.customSlim",
      "texture": "35.png",
      "type": "free"
    },
  {
      "localization_name": "Smitty 36",
      "geometry": "geometry.humanoid.customSlim",
      "texture": "36.png",
      "type": "free"
    },
    {
      "localization_name": "Smitty 37",
      "geometry": "geometry.humanoid.customSlim",
      "texture": "37.png",
      "type": "free"
    },
  {
      "localization_name": "Smitty 38",
      "geometry": "geometry.humanoid.customSlim",
      "texture": "38.png",
      "type": "free"
    },
  {
      "localization_name": "Smitty 39",
      "geometry": "geometry.humanoid.customSlim",
      "texture": "39.png",
      "type": "free"
    },
    {
      "localization_name": "Smitty 40",
      "geometry": "geometry.humanoid.customSlim",
      "texture": "40.png",
      "type": "free"
    },
  {
      "localization_name": "Smitty 41",
      "geometry": "geometry.humanoid.customSlim",
      "texture": "41.png",
      "type": "free"
    },
  {
      "localization_name": "Smitty 42",
      "geometry": "geometry.humanoid.customSlim",
      "texture": "42.png",
      "type": "free"
    },
    {
      "localization_name": "Smitty 43",
      "geometry": "geometry.humanoid.customSlim",
      "texture": "43.png",
      "type": "free"
    },
  {
      "localization_name": "Smitty 44",
      "geometry": "geometry.humanoid.customSlim",
      "texture": "44.png",
      "type": "free"
    },
  {
      "localization_name": "Smitty 45",
      "geometry": "geometry.humanoid.customSlim",
      "texture": "45.png",
      "type": "free"
    },
    {
      "localization_name": "Smitty 46",
      "geometry": "geometry.humanoid.customSlim",
      "texture": "46.png",
      "type": "free"
    },
  {
      "localization_name": "Smitty 47",
      "geometry": "geometry.humanoid.customSlim",
      "texture": "47.png",
      "type": "free"
    },
  {
      "localization_name": "Smitty 48",
      "geometry": "geometry.humanoid.customSlim",
      "texture": "48.png",
      "type": "free"
    },
    {
      "localization_name": "Smitty 49",
      "geometry": "geometry.humanoid.customSlim",
      "texture": "49.png",
      "type": "free"
    },
  {
      "localization_name": "Smitty 50",
      "geometry": "geometry.humanoid.customSlim",
      "texture": "50.png",
      "type": "free"
    },
  {
      "localization_name": "Smitty 51",
      "geometry": "geometry.humanoid.customSlim",
      "texture": "1s.png",
      "type": "free"
    },
    {
      "localization_name": "Smitty 52",
      "geometry": "geometry.humanoid.customSlim",
      "texture": "2s.png",
      "type": "free"
    },
  {
      "localization_name": "Smitty 53",
      "geometry": "geometry.humanoid.customSlim",
      "texture": "3s.png",
      "type": "free"
    },
  {
      "localization_name": "Smitty 54",
      "geometry": "geometry.humanoid.customSlim",
      "texture": "4s.png",
      "type": "free"
    },
    {
      "localization_name": "Smitty 55",
      "geometry": "geometry.humanoid.customSlim",
      "texture": "5s.png",
      "type": "free"
    },
  {
      "localization_name": "Smitty 56",
      "geometry": "geometry.humanoid.customSlim",
      "texture": "6s.png",
      "type": "free"
    },
  {
      "localization_name": "Smitty 57",
      "geometry": "geometry.humanoid.customSlim",
      "texture": "7s.png",
      "type": "free"
    },
    {
      "localization_name": "Smitty 58",
      "geometry": "geometry.humanoid.customSlim",
      "texture": "8s.png",
      "type": "free"
    },
  {
      "localization_name": "Smitty 59",
      "geometry": "geometry.humanoid.customSlim",
      "texture": "9s.png",
      "type": "free"
    },
  {
      "localization_name": "Smitty 60",
      "geometry": "geometry.humanoid.customSlim",
      "texture": "10s.png",
      "type": "free"
    },
    {
      "localization_name": "Smitty 61",
      "geometry": "geometry.humanoid.customSlim",
      "texture": "11s.png",
      "type": "free"
    },
  {
      "localization_name": "Smitty 62",
      "geometry": "geometry.humanoid.customSlim",
      "texture": "12s.png",
      "type": "free"
    },
  {
      "localization_name": "Smitty 63",
      "geometry": "geometry.humanoid.customSlim",
      "texture": "13s.png",
      "type": "free"
    },
    {
      "localization_name": "Smitty 64",
      "geometry": "geometry.humanoid.customSlim",
      "texture": "14s.png",
      "type": "free"
    },
  {
      "localization_name": "Smitty 65",
      "geometry": "geometry.humanoid.customSlim",
      "texture": "15s.png",
      "type": "free"
    },
  {
      "localization_name": "Smitty 66",
      "geometry": "geometry.humanoid.customSlim",
      "texture": "16s.png",
      "type": "free"
    },
    {
      "localization_name": "Smitty 67",
      "geometry": "geometry.humanoid.customSlim",
      "texture": "17s.png",
      "type": "free"
    },
  {
      "localization_name": "Smitty 68",
      "geometry": "geometry.humanoid.customSlim",
      "texture": "18s.png",
      "type": "free"
    },
  {
      "localization_name": "Smitty 69",
      "geometry": "geometry.humanoid.customSlim",
      "texture": "19s.png",
      "type": "free"
    },
  {
      "localization_name": "Smitty 70",
      "geometry": "geometry.humanoid.customSlim",
      "texture": "20s.png",
      "type": "free"
    },
  {
      "localization_name": "Smitty 71",
      "geometry": "geometry.humanoid.customSlim",
      "texture": "21s.png",
      "type": "free"
    },
  {
      "localization_name": "Smitty 72",
      "geometry": "geometry.humanoid.customSlim",
      "texture": "22s.png",
      "type": "free"
    },
  {
      "localization_name": "Smitty 73",
      "geometry": "geometry.humanoid.customSlim",
      "texture": "23s.png",
      "type": "free"
    },
  {
      "localization_name": "Smitty 74",
      "geometry": "geometry.humanoid.customSlim",
      "texture": "24s.png",
      "type": "free"
    },
  {
      "localization_name": "Smitty 75",
      "geometry": "geometry.humanoid.customSlim",
      "texture": "25s.png",
      "type": "free"
    },
  {
      "localization_name": "Smitty 76",
      "geometry": "geometry.humanoid.customSlim",
      "texture": "26s.png",
      "type": "free"
    }, 
  {
      "localization_name": "Smitty 77",
      "geometry": "geometry.humanoid.customSlim",
      "texture": "27s.png",
      "type": "free"
    },
      {
      "localization_name": "Smitty 78",
      "geometry": "geometry.humanoid.customSlim",
      "texture": "28s.png",
      "type": "free"
    }, 
  {
      "localization_name": "Smitty 79",
      "geometry": "geometry.humanoid.customSlim",
      "texture": "29s.png",
      "type": "free"
    },
      {
      "localization_name": "Smitty 80",
      "geometry": "geometry.humanoid.customSlim",
      "texture": "30s.png",
      "type": "free"
    },
      {
      "localization_name": "Smitty 81",
      "geometry": "geometry.humanoid.customSlim",
      "texture": "31s.png",
      "type": "free"
    },
      {
      "localization_name": "Smitty 82",
      "geometry": "geometry.humanoid.customSlim",
      "texture": "32s.png",
      "type": "free"
    },
      {
      "localization_name": "Smitty 83",
      "geometry": "geometry.humanoid.customSlim",
      "texture": "33s.png",
      "type": "free"
    },
      {
      "localization_name": "Smitty 84",
      "geometry": "geometry.humanoid.customSlim",
      "texture": "34s.png",
      "type": "free"
    },
      {
      "localization_name": "Smitty 85",
      "geometry": "geometry.humanoid.customSlim",
      "texture": "35s.png",
      "type": "free"
    },
      {
      "localization_name": "Smitty 86",
      "geometry": "geometry.humanoid.customSlim",
      "texture": "36s.png",
      "type": "free"
    },
      {
      "localization_name": "Smitty 87",
      "geometry": "geometry.humanoid.customSlim",
      "texture": "37s.png",
      "type": "free"
    },
      {
      "localization_name": "Smitty 88",
      "geometry": "geometry.humanoid.customSlim",
      "texture": "38s.png",
      "type": "free"
    },
      {
      "localization_name": "Smitty 89",
      "geometry": "geometry.humanoid.customSlim",
      "texture": "39s.png",
      "type": "free"
    },
      {
      "localization_name": "Smitty 90",
      "geometry": "geometry.humanoid.customSlim",
      "texture": "40s.png",
      "type": "free"
    },
      {
      "localization_name": "Smitty 91",
      "geometry": "geometry.humanoid.customSlim",
      "texture": "41s.png",
      "type": "free"
    },
      {
      "localization_name": "Smitty 92",
      "geometry": "geometry.humanoid.customSlim",
      "texture": "42s.png",
      "type": "free"
    },
      {
      "localization_name": "Smitty 93",
      "geometry": "geometry.humanoid.customSlim",
      "texture": "43s.png",
      "type": "free"
    },
      {
      "localization_name": "Smitty 94",
      "geometry": "geometry.humanoid.customSlim",
      "texture": "44s.png",
      "type": "free"
    },
      {
      "localization_name": "Smitty 95",
      "geometry": "geometry.humanoid.customSlim",
      "texture": "45s.png",
      "type": "free"
    },
      {
      "localization_name": "Smitty 96",
      "geometry": "geometry.humanoid.customSlim",
      "texture": "46s.png",
      "type": "free"
    },
      {
      "localization_name": "Smitty 97",
      "geometry": "geometry.humanoid.customSlim",
      "texture": "47s.png",
      "type": "free"
    },
      {
      "localization_name": "Smitty 98",
      "geometry": "geometry.humanoid.customSlim",
      "texture": "48s.png",
      "type": "free"
    },
      {
      "localization_name": "Smitty 99",
      "geometry": "geometry.humanoid.custom",
      "texture": "49s.png",
      "type": "free"
    },
      {
      "localization_name": "Smitty 100",
      "geometry": "geometry.humanoid.custom",
      "texture": "50s.png",
      "type": "free"
    }

  ],
  "serialize_name": "Your Pack",
  "localization_name": "Your Pack"
}